distance_km,passengers,duration_min
23.331703432400918,2,48.71979245083272
13.446913972685543,4,28.138608525954066
25.828638637385783,1,49.417744152482086
21.072356857251236,2,41.37775181637242
3.278231762685661,4,9.978090503453531
29.2808593732843,4,60.160463807248775
22.95362120871541,2,46.15651779916571
23.68889700567014,3,50.520454304776514
4.279352163928603,1,10.323864273345533
13.78638516791923,1,28.097219057758245
11.438541714861147,2,23.58368033865832
27.839567171033753,4,57.54703312925438
19.494021042379604,3,40.715204883146676
24.771467591489483,2,52.142982464298576
13.580718865406268,2,28.583905155049763
7.203542292650918,1,15.633113618340978
16.860251216967125,2,35.88977254300442
2.382609055073172,1,4.095542109121926
24.915119573781173,1,51.085101040036385
19.134099774100914,3,39.47363079354022
22.86358833251853,1,43.71108146926429
10.958516059831117,1,20.288862577676422
29.135591719649646,3,58.75306582778061
26.847073079004833,2,55.225369386602246
23.462313163675976,2,48.038425892692246
6.241841881633043,1,13.16805047044175
14.268269609947508,1,30.98748270258171
1.792211090723249,2,3.3153325665866857
5.051540015992661,3,11.575646677801597
20.64994412065241,2,42.60432376411864
22.470483599280605,3,45.704694082022876
29.041537106809194,3,59.61140095870133
10.111848065075483,2,19.62374679606662
11.428561328028632,2,25.267028873332293
14.351896432636334,2,29.022178312742234
6.089405092986428,1,14.710210350751359
4.332684407396414,3,10.132894490875373
14.533295323665046,3,31.594644212729275
7.1938257970010815,2,15.334348725011008
20.259512843134054,2,41.48828185400758
13.395981606733757,2,27.207933880245506
25.064006783706205,3,51.747137496778684
21.157820509066347,4,44.633639712546746
9.714815920770212,1,19.145373332625244
25.05166414115843,2,50.97828386645698
24.240548546155654,1,48.370998226254194
11.930612181390147,2,27.160888432395133
9.005679065942202,1,18.421627361972785
20.633617367261778,2,43.812466886220115
4.622698266474639,2,10.04977420214159
6.397291973015696,2,14.053871587566299
0.7171869576546626,2,1.1130098436640559
23.71426913631308,4,48.9814656807583
20.113100269464947,4,42.43673520971914
21.302378669476887,1,44.69076116991364
23.53150641514805,2,48.28499560797238
14.03801537838103,4,31.459751117955058
17.277865280610364,3,36.696459671423646
4.624011444765895,1,11.375424228996476
3.8786371693112165,3,9.198232121317378
20.217887372818915,1,43.325997456289635
14.39733808122241,1,28.809279959530695
17.17446514119507,3,35.08246844819247
23.067466293772753,3,46.42487973785647
19.22419044001743,4,42.77940555159293
16.830592319410876,2,35.48063221143965
16.9966112419897,4,35.65910175059909
9.46652789284706,2,21.182078482567615
1.4091261197542124,3,5.005944424626207
13.38316298235469,1,29.23245343608497
6.8302478481761115,1,12.61266286361231
12.551594989876767,4,26.83782987143928
25.6753906614109,4,52.888259938878974
7.401214833027552,4,14.828746989646502
2.2199308798274475,2,6.500188964434589
8.800824814648898,1,17.831253073494437
9.161015854117167,4,21.061662913220896
20.026537184443406,3,43.912846303216426
16.93244849406771,1,34.01165329630781
23.624997168639197,4,48.82884135462124
20.097249439657933,4,42.313163049039865
12.48841241248208,2,26.96407217794757
24.513601347648024,4,50.4604896699859
5.425701137277265,4,12.220440677422399
1.170006157448884,3,4.897201585139134
3.1564118928814318,3,8.1914631096009
21.809600842595284,2,42.57447342218575
14.125378292415927,4,29.025364785362747
5.257517481491253,4,14.016270826809716
15.280820865549224,4,32.96357001417726
4.9932070300384686,3,10.724218129039688
21.041451064793215,1,42.412492472351445
13.661610129433905,2,28.33645693166948
11.740126169846233,2,25.21598569997263
9.394606629862357,4,19.430949864865926
19.093336497007208,3,38.845723855343955
11.173472011325018,3,24.119899777513425
3.0856726198249795,1,6.571510659154509
3.981174112555202,4,10.534207407747113
28.87598110421068,2,57.52245481106176
27.303130375874407,1,55.463389428020136
21.141360447417114,4,45.3743045142117
8.343163863055828,1,17.67314627326094
29.090703131757856,1,58.8205180032773
23.47315166699094,1,47.35041973141591
21.64826058019037,2,43.46167000760924
13.756164313241765,1,27.940330034043743
8.53112607443219,4,20.321958001744786
3.343533383528229,3,8.068038260456332
27.12677069804333,2,54.36373740673825
13.945400550091527,1,27.89855401141767
6.469719261459295,2,14.14028882019452
9.52572041244425,1,19.17792682770765
17.58697728378593,4,37.659257850635
5.714797096707335,2,12.9524379541637
25.770121380725076,2,53.4292259418548
22.876326130138697,1,47.67621173254243
21.724157200552636,1,44.94417312547763
13.24674467336556,1,26.05925028258316
19.005610800722074,1,37.607687154867875
17.7308900829257,3,36.88600868939157
19.67047474586719,4,40.889774134494964
2.991107473626728,4,6.843888220292513
12.766318364032983,2,26.090944933892974
1.7276181289258281,4,4.980723324232617
15.072729167713309,3,30.973610595665413
10.230905763817166,1,20.646022041479327
4.7634635715483835,1,11.205377993415098
3.5503875478152733,3,8.800013136879786
17.835514879242506,2,39.142838834540484
5.53249257183814,1,11.73549332969593
27.791043492115517,4,57.29202121029378
17.64130362116165,3,36.78674012497817
10.732659233777694,3,23.221810445998926
17.932006998701794,4,38.29926795457465
1.1727141953760762,4,6.422139716611176
28.77749679062264,4,58.70967311626771
14.727951389815557,2,31.31494883780885
23.590689203883443,4,49.38912900538101
2.940534997711938,3,5.8099722528532585
14.85642075972573,3,31.98354030154622
14.975856333458367,4,33.21933622772064
28.165880421761994,1,55.97458443974656
17.365977545094225,2,35.72302122229648
14.467937331180137,1,27.71052040035257
8.375782061210861,2,16.492757662737386
10.28128542160529,2,22.610600420827833
15.859835872910365,4,33.2532552398133
13.447888078998878,4,27.786973183059715
1.1375563564697475,2,3.5045730773979247
24.875611763733556,2,50.22881109603609
26.936742769273117,3,54.902663880770696
4.637348125459018,4,12.01402227659294
16.844066234401957,4,34.526399109869566
3.7029843634955846,1,7.000603514309337
20.331082744674443,1,41.31624548149775
8.796396623250745,3,20.062203037249695
19.952967723411103,2,42.144095748312054
21.946341121463036,1,43.72762052256445
23.17510101157088,1,47.78757899006141
3.6783579056989484,2,7.572573517927489
27.522349431559434,2,57.87090821002567
7.291312731398984,3,14.94885443737824
1.6036704071973036,1,5.035819625186338
16.86814784704876,3,34.579809587278795
11.442207373941944,3,26.39766120267849
24.97879742240619,2,51.548915573664864
24.343418425896903,1,48.17082032238559
9.855597338270103,3,20.6889561969977
28.610532154557475,3,59.50224551433869
9.0820762251335,2,20.21679686788256
15.694185312335579,2,32.31765503294669
8.05097017174428,3,17.64659862445203
28.11328531644442,2,57.984923665532904
5.355930618669535,2,11.84365966434989
1.824863272073705,2,3.356221684809034
13.33536327008962,2,26.857752515539058
29.775079139647193,3,61.28527822244605
26.804479354519962,2,55.82444112553762
22.58393657398,2,47.78385557212205
26.778378480916484,3,55.83628638260442
26.856675871086964,2,55.000642503210294
15.806321631400246,1,32.86145714878297
9.819907029008395,4,20.973063207809933
23.274366747274147,1,46.89550253429008
20.01900726344895,3,40.713883805558424
11.522903001774447,2,22.79706339284118
3.2867667078147003,1,7.407082427265605
22.530293534796268,1,45.74610037617728
8.242585219724509,4,19.17282292395803
28.13598794074649,2,57.81808771238543
7.6086319626677,2,16.459908196659264
4.121359006138838,3,10.29933467795523
25.01782382768473,1,50.49296455914198
5.021887340422574,3,11.956666076067549
5.788415090653303,2,11.850685778620246
18.18179234986488,3,38.233290625368895
26.2995802047052,1,53.76757809469641
6.294822638579911,4,13.919963849087619
9.654548350552796,1,19.86092880009844
23.433442728114738,3,47.74328294660012
29.168879568798538,3,59.31125244108096
15.271864992969098,2,30.418800630836042
4.744976325261898,1,11.25572757569035
0.9111204873919456,2,3.887926149503939
7.27485288496623,4,17.087139624159796
4.388755424702371,4,12.749706801348555
20.490930871579295,4,42.7926160465902
4.094058886541668,1,11.71988018819397
15.436732982808673,3,32.14593655025412
20.98074185146515,1,42.716677054686315
17.64293997201662,3,36.38810203009303
6.3933817239717,2,14.159089008003706
24.22167352237675,3,50.77896197263975
21.604510323666148,3,44.595104254279214
22.300028115508482,4,48.37677607813458
4.366203670940741,2,9.971556626514943
4.150737207685166,2,9.571959801480531
27.863095254691974,3,56.31719281487023
12.22855671783575,1,25.375612510221885
9.377986407537723,1,19.12194559426608
14.913229337870233,3,30.718218946403177
20.05449427652568,4,41.332514144902994
28.690886082885612,3,61.55353554552791
8.950163693020622,4,19.636850135862208
27.7818486647048,1,54.606711908628334
1.2333549958945613,2,2.76848853205655
16.878342248641328,3,35.20511665780644
19.202265794592012,2,39.95119862180051
3.6239734106472223,1,8.302743343019758
4.640018113385422,1,10.45665077854737
12.863872419830964,4,27.082884533024597
29.00384140822386,3,59.84812325994926
18.083255320413997,2,36.29045117671742
28.02418503720623,2,56.42872709139845
24.228647010582637,1,48.03958504666502
14.2877572458811,4,29.38712563716393
23.65052175293953,1,48.86525299473707
1.0261851273211382,4,4.740981955621164
3.719747904589181,1,8.916161179156491
24.96814413904072,2,50.97560134410574
24.00610410559227,2,49.78901591004969
7.362901888009794,4,14.964514371377044
16.15770292267208,1,33.678493363389514
18.37746671065032,2,37.932053251305675
26.09829913639233,2,53.82370787293383
18.29166114149241,2,37.96334558203343
12.67086129357357,1,24.854667432610253
11.53842928051189,4,23.578818785632734
13.063521548018542,2,26.414988929854122
19.73196525460924,2,41.02884779049139
26.090973636693583,2,53.87203868856256
13.889958021250843,4,28.41197376511982
7.811267107065064,2,15.641434846661912
7.4815397084286435,2,15.239843730916448
22.50742126718167,2,45.65753747409652
24.588778521005356,2,48.81550621115806
3.6057033556966864,1,6.2893549452532405
2.4634862801777557,3,5.605137263947958
18.035793080815328,1,36.65783999785566
4.812110703684599,1,8.943627067615708
24.827593618462068,1,50.039383726952366
9.654872880760196,2,21.36829857766221
4.744222022648708,4,10.186664307883907
27.668628938379783,3,56.63081211834903
5.383185820690706,4,13.791128375132184
8.8992424289691,2,18.38021646757439
5.03159515816573,4,11.489520625473041
3.9069568781279718,1,9.477409570562417
1.123866481924981,3,3.4415308848784143
2.134164570345673,4,7.372824165896914
5.651923392607655,3,13.232812176342508
2.074767012501674,4,5.806689372093511
17.93874257527365,2,37.35717568114483
20.581078540585438,1,41.98260659501691
12.112098476544833,4,27.24507977409214
9.880737360085458,1,19.7131291823059
15.383523992155787,4,32.80825405109319
26.312645795920954,3,54.06377591223727
25.608382991255077,4,53.92091412414994
1.7825143293773622,2,3.5398494643105485
5.8542030830974605,4,14.725383214432776
7.483973697579683,1,15.934276167329783
7.856933487050249,2,15.396941900467551
17.351363226411795,1,36.41098927830409
12.779741558244172,4,29.793576197286075
1.9529965378640226,3,6.407827045277452
11.521617084557361,4,26.47021893634119
15.950711987170298,4,33.98679535594319
3.499321135659621,2,6.337137351580732
25.08702733676251,1,48.829934222357494
2.0328750607205754,4,6.320832165308909
27.782835136032833,2,55.97369146433569
3.423837676606327,1,6.433099074885303
25.385461072133705,4,52.70817546029873
27.128267745864704,4,56.872120779590695
29.397335077304483,2,58.341912607846815
24.15976346807101,4,49.870649315861634
23.494587452754203,1,48.99904558862872
19.453256641868656,1,38.33122490351594
23.480392460054805,2,48.830546107274564
4.469290148187839,3,9.953849534826684
16.3140070604553,1,33.67380788076055
15.669574670617227,1,32.93647684843732
25.798378251615446,3,53.83803827021591
14.152581285008718,4,31.214322172231313
11.860140134960428,3,24.068686736512902
19.36711650149475,4,41.8478927097308
8.360667866274959,4,17.868642617915096
4.623168123141728,3,11.005878011854994
14.597379583700501,3,30.95300535439823
12.798236373549107,4,28.081595305967795
7.360813245601774,2,16.058583167263738
11.341598398396277,1,22.33938681826783
11.308577269874299,4,23.26728712745288
10.16111915017009,2,22.19458698030195
11.694190351944405,4,25.574215281407724
20.72942869095039,2,43.6082342228586
9.257855999852916,4,20.470979065517966
28.491308838102544,1,56.077453315528125
27.532266576376248,3,57.5306628337566
14.686857634852318,2,30.003344660043528
10.186655547638319,2,21.71531455269766
16.295326299985092,2,32.94319317149066
25.532534418821925,4,54.70937054787754
19.75132654652301,2,39.62608826886282
24.229558924438784,4,50.12168809477139
16.215307143939334,2,33.53806299057599
19.17107006339481,1,37.74995779970266
9.00059061838262,4,20.331700765352835
22.179348288153577,1,46.47060705377464
6.470935497208691,2,13.451408833723672
20.9965448001457,4,44.388232419323124
25.891212515613876,4,51.0329896451892
4.3970337003955455,4,10.75513820030625
18.624202345986635,2,37.93536240604706
3.305324572783071,4,7.792151543155757
21.908611034007095,2,45.898672537642724
2.992549955293847,3,7.158856228963866
28.110224769668466,3,57.54297205224334
4.553533936115164,1,9.229874997441257
28.786967254317872,2,56.65711863687067
24.12608319451035,2,48.12017994894374
18.013619131757448,2,37.988331749635115
23.587411086571635,2,46.064871526263296
23.955887750001033,3,48.64546015038636
28.407798353111243,1,56.91587664993272
7.9748089382560226,1,18.19323974380361
17.90723891307012,4,38.583081591636606
3.303951328149836,2,7.0507321292465726
18.67688815071158,3,40.15828999853871
5.55309347073727,3,11.86567112097342
17.166043038437035,3,36.84118588060807
17.386700163998565,2,34.41452308207411
14.246562012946207,2,30.56638185768157
15.917637377637122,4,33.429141109803254
23.035740005194345,4,47.04297576944742
24.077719137105966,2,48.938294661135615
15.018519859475159,3,31.81438389867053
18.188006524917064,4,37.88126461930842
27.971468952858004,1,56.99689141171133
4.032140860783123,4,9.481287837902178
3.9545551940532597,2,9.529482782037878
3.087415851367668,4,8.617053764771935
19.90696690869557,3,41.2530107626832
12.848944873316194,4,27.25650743426644
23.342481776184375,1,47.336504348134014
20.30132669260348,1,41.65290712824066
10.342313870683025,4,24.74642689409766
27.001813147165304,3,56.44304671612879
22.994698338584243,3,48.465386626984326
8.480780756850184,1,20.55007370856065
11.243664524275593,1,23.503287525319028
9.775979416025756,4,22.036602343363214
5.14954363443749,2,12.003102343196634
4.859609489994654,3,10.210253002401053
28.115760169584448,2,56.78761870275014
13.41816909736322,2,27.330168928034105
11.80793477193359,1,24.76348352108674
22.025728405982647,4,45.8772822497441
16.813295424960547,4,35.764814275395395
28.116129611734635,1,57.819713843617734
23.518894070327068,2,48.90093887935828
14.64140214167394,3,30.62108328030663
11.602604467684372,2,23.535213838490524
29.6056305752675,3,61.84653588218819
21.673926962107483,2,45.12174510512483
28.560242470113312,1,56.01422812193124
3.99511802790272,2,8.677082116897159
25.590743536128087,3,52.84700253427294
19.293679577740622,1,39.86618887260228
4.096689510885821,4,11.103480516711414
17.85361099909201,1,36.49112799935949
20.73984277061074,1,42.56493307258033
0.8629292337137837,3,3.289995269805721
13.902379874331523,3,28.630908060482483
24.849285580291475,2,50.4373067695417
9.21309124765065,2,19.44517368194141
14.027168413057257,1,28.519657576095923
13.548266748502849,3,26.710960592562227
9.406858047553502,2,19.41623276017757
27.59403591770885,1,55.74427748850685
23.548174045229718,2,47.81497809855374
3.7623581243852597,4,9.277892453258934
29.912522406208407,2,61.3130361832214
26.436400717078484,4,53.79384424710833
8.87529891698915,2,17.12255562002709
25.188449099997676,1,50.528728409158674
3.6393761902057946,2,9.042866785913379
29.97358954899004,2,62.63473213746672
20.137699715142837,1,41.55752766938041
19.67868795898451,3,39.389112158100176
3.168001446031916,2,7.103635652687061
26.962485267450447,3,55.681604915982426
1.355485344531848,2,3.888561805987288
7.6044277122138375,2,16.74815997737055
4.719145317415733,2,9.521241688370704
23.414654250420448,1,47.39425158839164
6.347024702780487,3,14.614372235337104
27.363827700361114,1,56.053326354025884
19.859936660160958,3,40.414155153709125
1.5667999595935385,4,4.788443051944179
0.6601801067966636,4,0.6165425335199868
2.023908551924768,2,4.426355136271762
18.374792740607965,2,37.225170588244886
24.14371342035275,4,49.26784233253806
7.53730820850796,2,16.24022856724857
25.557560866230652,2,52.059176300416034
2.1883422345211816,4,4.117470591464752
24.12843368242945,4,50.47237533416065
27.869965190082272,4,56.811606249375515
23.277197773579225,1,47.54008450634896
21.094563127369796,4,42.907275007010924
25.2204164503338,1,50.97083943919854
1.6844633366384594,3,4.585763344390413
6.452572266212134,4,15.208246417374598
4.185248539516471,3,9.995194356684289
15.383664210693103,4,32.512164246364755
22.483049785700914,2,44.42982725735758
19.085349415003762,2,37.69349086654649
25.608367442977084,2,51.63284794686195
5.078783277012181,2,11.149286670094774
22.171322212087265,3,45.23439647697541
6.194723980632671,2,14.014659891844808
8.487383163875107,3,18.19554540853853
21.442188569798464,2,42.919364414817416
29.416041154511113,2,59.553986016034315
18.54053637632355,1,37.806932588963654
2.10775929224322,3,6.040403303311025
18.681114612862217,4,41.24060835771756
1.7493412716149292,4,4.829773203226439
26.582298485321108,2,54.091118309051815
21.43255941046831,2,44.291242767756046
5.6072714694638455,3,12.691119979726876
3.205769671813843,3,7.410921197639032
5.91423025196941,1,10.779203327594576
29.410801796848677,3,59.81076903464434
14.02753895252545,1,27.4813754923331
23.630387976071535,1,46.034169271019294
19.274046092179418,3,39.25241334268825
17.3861879237798,1,34.22528412679315
4.781342512618966,2,11.146471570530881
28.407721379963803,3,58.9165345973419
9.389607659184179,3,19.375336028787483
17.551507866322495,2,35.84278710208187
21.14339036537745,1,40.92853806864236
19.65237807973661,4,40.81041620929053
28.247535086017795,4,58.894052072737935
4.878950202641711,4,12.582838294897526
15.496405784184791,3,31.779764486678268
12.419014526852596,2,26.889883914232712
14.487977519737235,4,29.460263117961
4.016917022833466,2,7.78620624652314
4.455790991246578,1,10.121243848131032
8.703228600547092,4,21.077578429657432
9.488785810944524,2,20.471003610072742
13.123144803599825,4,28.20594722066564
18.524132637580536,2,35.85308152863886
19.22155896383876,4,38.42067087163404
12.648421449274322,3,26.92625243544451
12.559101728146565,2,25.760140786721955
6.920041537560378,2,13.734247892968638
17.85503432806574,4,37.775601236961535
9.852706883858518,1,20.320545135224847
1.5637651111822293,2,5.071946090904731
12.84280130262738,2,26.82220488826746
14.486913915160024,3,31.702222198654432
7.154989612024224,2,15.31797325359726
17.387509027102414,3,36.159683059397494
17.19027106274167,2,36.44485431173052
21.209064342755955,1,41.93968780547048
19.614480224935697,1,42.543407903137556
19.74677516737043,3,41.3688078129076
9.828317478809272,2,21.037464210456218
23.72925054858564,2,48.983597071143876
16.699759316190544,3,36.77665510771273
13.226836757806758,2,28.246180927286122
18.967368187761185,2,37.32968039651845
11.139391366282501,1,24.182253117332507
15.625807715899368,2,31.91071885235372
22.232817810225498,3,46.07279069329032
26.648885158349376,3,53.51851634452348
27.671187320208155,4,57.868576658540206
15.357171292901427,4,32.0629682957353
15.848115884846788,1,32.29640140768705
24.096177117533177,2,48.908255229705574
9.776295406453936,2,22.477603614643726
25.202779689179522,3,53.887819678504634
15.07717857226399,2,31.200870314742723
3.9177733678904176,4,9.89952444714969
2.625744838651839,2,5.878046710954163
25.338799725664163,3,53.283605742831114
2.1392535487528983,1,4.44958722717242
8.778037365942849,4,19.13473745724
10.356836194795601,4,23.692265253256167
5.603336133152017,4,12.668373170987385
9.759854409158683,2,20.481953783868835
22.409430718390027,1,43.73755065526906
0.9331438850220877,3,4.070478115167342
24.90161602336025,2,52.74409898590237
25.768166695449466,4,54.257558763698725
11.481716409150671,3,25.925231985848647
5.031580522288727,3,10.717058908400123
18.224792034379885,4,38.68590835078797
4.030340398014383,4,9.117520871659377
11.265121151808449,2,23.302476758035557
28.773660836578685,1,58.819533150509876
29.866201941217295,1,60.33422449553789
23.277094294960275,2,46.14154756731933
9.673364542662604,3,19.531699979787454
20.78611895039973,1,40.69107396930868
21.309487781778376,1,43.61042815349634
11.941330007327668,3,27.446554550312005
19.406214720291704,4,42.174887684583624
0.8164655267824492,1,0.2369458544188341
6.667200928766123,3,16.25547779560203
15.990104937534204,1,33.41661029208306
5.330663475619728,3,10.616027005710698
5.394252602357742,4,12.485303588004987
25.170976571232018,4,53.43747555395984
29.67942357916636,3,61.40928066926751
16.901098126839226,3,33.993101201290465
25.252557061010545,4,53.11585627781729
29.71448909762504,3,58.7914775991695
4.677078712778854,2,10.131335249800495
13.723245591003357,4,30.584447951406762
12.080895117336636,3,25.680184450244592
2.8614538675624583,4,7.223970185162971
22.782240097444962,3,47.95382644866228
13.296481306016494,4,29.56771442711957
14.345144558616838,1,30.500328810100626
4.944852727490585,1,11.264047883427558
5.837336240810609,1,13.256047275558366
27.25955685360834,3,56.752022264654215
1.817148124741227,3,5.399824898598927
7.369142405839334,1,15.327793811442481
9.115750244278587,1,18.494240769459772
14.960827500846799,4,30.709286708633872
17.80013260393648,4,36.64495369905315
15.052054287594665,3,31.32209409325412
2.98140236942802,2,7.204256898458469
7.68818989464355,2,17.817192387291364
25.385857350494966,1,51.22991747311442
19.308866664114543,1,40.12120961910675
19.649896978961095,4,42.37910961435431
20.27099603286497,2,41.31054526804115
23.00563906166611,3,48.1059683347024
2.2142002107826966,3,5.684872379840532
11.314947355512066,2,24.95203060510261
16.416059340219523,1,33.96796201870498
10.484466257271118,3,21.27844875985388
25.412126761972,1,51.485778176097845
14.735889003325171,2,32.11989016847422
23.174513889051685,4,48.16779674355667
25.63445774799449,3,53.216630526084046
15.391348745653193,4,33.32857632904553
27.331791194204822,1,54.126959489245046
17.820156245840927,1,36.651020440895365
25.58309181559479,2,50.77234847915496
10.547428469949967,2,21.469232833498538
15.215100276678815,1,32.00592352085182
16.176625709635044,4,34.71000770957845
3.596901618934082,1,7.389325430121637
12.257298947695448,3,26.461058916636084
27.561461340274445,3,56.56283043279376
19.1095510907599,3,39.73168068387164
5.7364441818905405,1,12.629706890501218
10.496241250483347,2,21.26511476030756
6.152288785049645,3,13.84491397565398
1.23228238805789,2,3.152296581509127
27.860083525868788,3,55.63456367713732
13.72211618357771,1,27.02377661090612
9.572284636413192,1,21.212775719890217
18.15507715095323,3,38.194877616491695
0.7157764606439613,3,1.6079646198865332
8.701652144724008,1,16.362949913599607
21.23948723811733,4,44.36681057612408
19.19620830554326,1,40.453603144263
29.463275452504796,4,60.73979277020524
18.800552434912298,3,40.408104423228615
14.586423272018116,4,31.52477731485489
22.962260613928226,4,48.39577168570234
27.148172222939564,2,53.96062393657456
21.760530428191373,4,46.45858377813251
28.9147310947067,1,57.99453015213979
23.56915253677623,2,49.00139752716337
26.07064242872683,1,51.82711487546755
3.866070099917297,2,8.909189547344507
22.106198338316737,4,46.5643996305711
13.482616636057374,2,27.811199955538882
16.81656217113262,1,34.5376695353514
19.796021079729524,2,40.32564508426654
29.109545942814297,4,59.570032132587315
29.545053402232927,3,62.19559018725982
9.002733241893205,3,20.554419350147853
22.145728174418526,2,44.53059160378888
22.624514369090424,2,46.81747304377546
10.72153940873494,3,22.200399962768724
4.15415835849452,3,8.623632073326716
1.7079353284287329,4,6.449680098256442
23.431622262110768,3,46.65914489857413
14.946142383598724,4,32.81914068077399
29.57343500010032,4,60.89414768762759
14.216716957712764,1,28.721887312345
29.348550882678285,2,60.10685298497986
12.641492064724765,2,26.864182941443783
23.913623441519192,1,47.50090370620948
3.002168533199046,1,7.222062675148155
16.886120449064034,4,35.88561143615329
24.160763716078865,2,48.065472639289695
27.778699182986717,1,55.887523882393694
24.766201173214235,2,51.91368136198739
1.5906364524346397,2,5.857867703114977
11.494719068548658,1,24.206786594705992
1.9366049332586126,1,3.182866378348855
3.723827587879461,4,9.938262078214809
20.42151604569078,4,43.69389299524075
21.541116791195098,2,44.807941565708916
23.324760141172977,3,48.934474571033874
26.030968167642055,4,54.42519941453164
22.313228320057043,4,46.55404430128354
24.125711967145644,1,48.14305643838727
1.9444294397867377,4,3.990923361071979
7.418786938018308,1,15.677215642749967
18.84598431456975,1,38.378021472791694
25.814696486432283,2,53.18696881568938
0.6327536857199441,3,1.427963678146994
15.68156559243232,1,32.5081478741797
20.479978281249718,2,44.01450165712021
1.3734150292940899,2,3.825280189366091
12.339988947824944,2,25.618312576443348
26.921229000819057,4,56.15146035772381
20.31257786124783,2,43.657492747206
7.51092171913762,1,14.49819567657535
25.657043324141423,1,52.01729358167675
10.766926990580671,1,21.234196558863697
25.673667798749754,1,51.30033087665451
9.318837708007713,3,20.088085108133487
17.914447401052897,2,38.17621804371935
12.209731998561105,2,27.22045459781095
8.607338997274477,4,19.66282013917566
26.653448084070142,3,54.4303014451168
6.0340136172149945,1,15.060766101068507
3.0019419414550113,2,6.5763294015805025
10.586844687096981,2,21.602553459834226
21.670354855426243,4,43.56576666627376
24.31923237630031,2,51.034556321845365
29.962929416969562,1,61.39410442631042
9.242680681829365,3,22.403166899775176
12.534287558372824,2,24.67905176452752
4.536227701873976,1,11.030626211227062
17.45872192387949,3,36.48757936612511
29.92861109925606,1,61.16332241531226
21.175989798559424,4,42.70420245601438
18.058778792194467,4,39.58563940705423
12.074888241192923,2,25.936293233717677
27.501313428423867,3,56.463716822061514
15.159039585845308,3,32.46319185935174
4.463823942735314,3,9.66215258442838
11.278664664374437,1,22.477889243167176
2.4814167310091233,2,5.499388848392851
6.458381611819056,1,11.564035361947834
1.02122903949741,3,4.4042165731981875
13.87175753675482,1,29.435108687692207
19.218937816078018,3,39.236531482392195
10.627127640177779,3,23.102458296300377
12.901262259405675,4,27.536984044182113
28.79667354891499,2,58.921621059911004
22.682912086460007,1,45.238246931708986
16.45527078987606,3,33.52711642366449
8.893955815798845,1,19.339986517621433
26.961405563803357,1,54.35894054248222
7.435364947979455,4,18.892838846812385
10.097610550241972,4,22.241531065278085
27.31741202547698,3,55.20874601060347
16.121490630909634,4,35.46992213825521
22.398379507830313,1,45.92755917980664
17.926971427831102,1,37.080815719358625
19.776456665780106,2,41.74351401042813
9.331807099687355,1,18.510817905528913
7.620475817986556,4,17.113698326987823
10.013524241475626,1,20.35559865146346
5.085526140460963,3,10.380305744006307
26.29227377607882,4,54.320957401999394
8.855784530878365,3,20.547948519633554
17.063937135224347,1,34.86521237424254
23.863245541670533,2,47.38042975549608
23.62281122658355,3,47.18978304150217
13.43239462823369,4,30.52956531521565
14.549590603308406,2,30.008862196361683
29.843701593583233,2,60.03999298146485
20.40062557088121,4,42.527259376865416
24.53183407197754,4,49.58636038963775
27.12534209196734,2,56.6737793334463
23.733900168765505,1,47.57474739994498
5.962790676130243,3,14.79298287999891
17.08403664525838,4,36.219725004964076
3.5058776407790737,4,10.441287256126587
19.76120273363795,2,40.77909996631899
28.682808131540423,1,58.71884892594992
15.625595896853284,3,33.47028483979491
13.272688539599132,4,29.168668145450233
1.5573611668358138,4,5.462656810854338
28.813348408712,1,57.89384610130841
3.538579181839684,2,9.992593055252229
1.7118332524929847,2,3.5167295198900685
7.758965039395685,1,16.02223772113453
2.4331478005922813,4,6.881181476392158
13.92597635114699,1,28.7543934556375
15.724590137084816,3,32.519707628275135
9.720813496343226,4,21.75637329827604
2.0033342359591386,3,5.337825886715311
3.792210863352188,4,8.002469209266476
11.84287915070288,2,24.695310587662604
2.2855892993828157,4,5.47061326573548
21.096596905492447,2,41.45880804853599
6.607105974981954,1,13.851085270653293
9.411111279117335,2,20.310105900254236
12.126710426753876,2,25.78011889561233
12.789984175539862,3,27.64713905809942
0.5489908764066157,2,0.1653927318726207
3.8060759444615777,2,7.251134961015685
25.951554630355904,2,54.87663069752548
0.53637534410129,2,1.0255419281255438
15.490936996479816,3,33.09271502409632
14.940309191962639,2,30.193680762259433
10.326277749813816,4,22.732228238895196
13.224147094320264,2,26.815039986366934
23.527143557034236,4,49.61582826868812
25.315509333341215,2,51.76779278399913
8.180282030749876,1,16.412274287855517
10.01346800854803,1,19.47676389741535
7.653244164335815,4,17.57426252616414
14.655970316256422,4,30.099221833470253
20.65612155093498,1,42.2397241439908
7.233459826170906,3,18.593404561378712
10.256704390618566,3,23.363578832499144
27.94634621887994,1,57.11104032465404
1.9327940504852632,2,4.779980803229379
14.092703354567204,3,27.746654082130885
21.490962227104944,4,43.6596380583097
4.938393340945485,4,13.159579537993682
1.8975335901617147,1,3.5053111001986497
4.577058463336657,1,8.954864828509267
27.605284209155144,2,56.04491794262626
0.7731635637231407,1,0.9842808685997266
6.055498256934879,3,12.38422777931812
1.4228636305985143,1,3.295253188415607
3.763569293084996,1,7.135609131497957
18.79440395553474,1,37.347789331290585
7.6283478078030305,2,15.475504589459057
17.291755487704965,4,37.1058711892444
17.910763791600722,1,36.089401892706086
25.55834232614848,4,52.93811268440311
0.6398710909002807,2,2.876688079109445
25.67439905059982,1,51.7067584929667
18.764013049595732,2,38.24977233073429
5.300932840096249,3,12.572316035762668
23.301652949990878,1,47.771503743539384
25.73700048282228,1,51.82692746613595
8.000772770747641,4,18.082153317115804
27.604413586629086,3,55.92703694352485
13.906494193810406,2,27.95230534445629
18.301021402832983,4,39.37119030763277
29.547161241720488,4,61.539264545985596
11.16531431985638,2,23.785927078129337
24.48820070169333,3,50.75725575211218
9.89277397593956,1,20.331751227694074
24.076798906123983,2,49.85000970307073
18.22165060644795,3,38.878409973918686
6.882493009149342,1,15.176214023489331
12.713769766782473,4,27.32676161761896
9.87025121372507,4,23.127495157358975
2.8041975958707344,2,6.83685587347379
1.3801257179410757,2,4.39262762844795
10.721120334511838,1,22.224328559858556
1.061507360615854,3,3.8700214287158823
5.3818888486623635,1,10.528025707074407
21.89290796510063,2,45.48716676854608
21.388691452665842,3,47.122677300239324
22.288121400492788,3,45.70144772619549
9.856018548334374,3,21.283031812093697
26.755573984972017,1,53.56494270559677
18.018001166839205,4,37.54798243211648
4.217777081525482,3,11.480003641169638
4.739700512938257,4,10.80643000814905
20.946315094426193,2,42.41854971548602
5.601846125041303,4,11.616199426351304
15.465134696670278,2,31.17265766879831
29.757347039896967,4,59.80629418684059
0.6182243396335152,1,2.3682533784789594
0.9891041559779292,1,5.277905533793168
29.795995166949943,3,60.725311540249365
17.746845606957883,3,35.32693328092553
4.243844277796137,3,10.887688220022008
26.97041489274576,2,54.21390482656137
26.47121885376692,4,56.24178463808738
16.31791218678557,2,33.35379532578119
18.842864880892318,3,38.55391407270186
8.559022149275853,4,18.94008674280602
1.990331042974152,3,6.238438846884492
18.0397444622805,3,37.35206829380534
9.195278199481509,4,19.89383169616931
20.076820876480383,4,41.954810149981896
25.169232716856737,2,50.06661024921259
1.0357360454737397,2,3.4685036932414595
18.07355635322896,1,34.86038611261301
7.322775920762141,3,15.701430387158766
26.27971068816214,4,55.31880658515502
7.9831029435739405,2,17.269254170080597
18.51771893044484,2,38.62575843387607
16.829454782643538,1,34.093863892568265
12.186911751747843,2,26.543569684481202
20.489812526193926,1,42.404324249157646
21.9102042241053,4,46.26654945245827
17.22466496192191,3,36.87687570115736
22.873455996950245,1,46.997335548304065
29.51080374179166,1,59.08214397023643
12.868535443073752,4,26.39317197445617
15.680200030623162,4,33.780762187088946
0.8678613992657904,4,4.281812029363009
23.982842411156163,1,49.55615681345089
15.846786977856818,1,31.257252680668337
12.534862195636673,1,24.663293331996183
3.275122911137176,4,9.010146088582122
26.74486443942422,4,55.41856188999535
12.152713581196414,4,24.4196655518217
20.636157147172,1,42.14742245809819
4.906537612860448,1,8.460652310731941
28.86571407146046,4,58.78617159104754
5.764031973744012,4,14.87974532034813
6.386488790534966,3,16.097856598877048
25.839994386452556,1,50.96433240443315
27.42119095218697,1,55.01299036696124
6.758348521937392,1,14.059319566953489
14.359126201157423,3,31.999479329896413
22.138099684603482,4,45.783330421382566
26.41178914741865,3,53.84669427180402
11.682054503600504,2,25.91283456566387
15.752074862058162,4,33.12936057139807
22.38063411033218,1,45.98346992963082
22.068511311257463,4,44.6598796574025
23.597323835769505,4,49.02341492744668
17.31304764992503,3,34.46649846152365
3.586145355740869,4,8.116856930526033
27.167212080902182,3,56.673625516956626
26.034389909970333,2,53.018874428853955
24.043874356640824,2,48.76864297272867
3.44594307624152,4,8.143136528502122
6.529722328902161,3,14.338788584563039
22.436210770675732,1,45.67353470845216
1.1826327901674198,4,5.3481817867966015
29.38712669436475,1,56.64910670463269
11.625768070492581,3,23.919774966722354
21.719719743879295,1,44.0985357299476
26.68334711039728,3,54.76783110483227
12.141581700427427,2,25.68653964338158
9.914408413690149,2,21.09635711350685
18.45786330249828,3,38.11085874200315
17.639186525567496,4,36.75151985514781
12.569629339931517,2,25.893757190127534
18.2523552980974,4,39.65345294601754
28.093750402211594,2,56.45549287151747
14.295387570484596,1,29.02796841782524
6.303894332143624,1,13.291130878285669
11.627576495048615,1,25.31550391997169
12.126155986496999,3,25.452003714757684
4.367706444273486,3,11.194219544557932
5.30470926635937,2,12.841397935983762
20.69458116511348,2,42.32540806523631
10.51459374916263,4,22.818468519248498
28.669502559746324,3,58.50995144744443
7.686103988078919,1,15.616384841915256
3.418272900592258,1,8.19078566176135
22.728384608507607,2,46.687779194270725
26.490563531577166,2,54.2164167723242
8.704344027708892,4,18.283464545037948
6.4615989985416,3,13.455707919707965
5.980100978697072,4,16.103648782171124
15.899362890312114,3,33.12090005533553
14.318290916779743,2,28.861809837981127
8.15347527570876,3,19.238049717006817
1.8326069511880785,3,5.447022451059709
14.703994539625281,3,31.486143996115082
28.800304255250445,1,57.96256143521936
19.749316422203567,3,40.67995975383033
15.117443420544243,2,31.065300468591197
3.7654161838736755,4,8.148094197448724
7.946870571212824,4,17.80581373300575
9.195831512449011,3,20.18769610194064
23.06170480191341,4,49.97387283767058
26.36296851930627,3,54.31193610361776
27.098434680209934,1,52.36269231820956
29.544773943397246,3,60.49556245400987
29.479817151583706,4,63.69913843627572
28.613474416655453,1,58.593315068295944
2.618753144835089,1,4.926617345861589
4.564909309870253,2,10.720925134171063
9.481762531042971,4,20.2215116371962
16.810498494901612,3,33.76718947025637
3.360847716811639,4,8.373326070389206
25.451010255163204,4,52.99354694956527
18.694307282780617,3,37.01645906312784
16.499749867915046,3,33.35034044529146
5.376684039335089,2,11.763703641852533
7.971036494805822,1,16.033899813622693
5.229204736976612,2,11.853220745099316
25.63202815494656,3,51.54938798258456
17.734721871805938,1,36.68355749216518
22.186318111829184,1,43.68887712659817
9.232969455845758,1,20.608673213629146
11.451952794104177,3,22.688147303830036
12.443221450582747,4,25.79388863078208
22.92044166644903,4,48.25825413592989
23.284413136399756,2,49.23305952429715
6.600999061663935,3,15.017041159444041
28.27539627377392,4,59.11365046773023
4.059332454588748,3,9.636201810850554
26.935601431497094,2,53.84480440887899
3.461671546669374,2,7.433204745099369
8.303924428963677,3,16.89593913794608
25.47111681400473,2,50.66352366023259
5.79501613420958,4,13.991781187738907
12.70025397364411,4,26.277329965200256
13.770849348351723,1,28.361252703426807
7.735139704184685,3,15.668456656148274
21.452233439411604,2,44.200849898939964
25.61437215736501,3,52.24006174576706
26.29996662573937,2,55.00654878512938
10.510003299228547,2,22.34372549403616
16.160086631490525,2,34.555956155975196
7.827988914036719,1,15.400331111648246
7.721496795729291,4,17.499136931702747
5.2569948541317615,1,10.032902550147245
28.230560818821683,2,57.04751639489895
26.695670443864607,1,53.62923666498458
23.432082043166922,1,46.63830586564671
15.771014877988007,2,31.32652689713032
14.97293350760022,4,30.53234969154779
16.12749715238369,4,31.91524618905998
16.328756400524135,2,32.60116633754481
13.319610998581865,3,28.766715893835574
4.38676757031599,4,9.175036608618697
4.207083659621811,1,7.546044472990317
28.591366617447658,4,60.97363180612823
14.719907407797342,1,29.30331876574643
28.619562984703073,1,58.060171978570985
5.325517892448245,2,12.293352931396985
16.85528828517804,1,34.87310270013736
6.627658973870408,4,13.733003717132755
7.968945880734745,4,17.70683208157
1.3866100734547742,2,2.154992877391156
4.009122666836234,4,12.46456319258279
27.547028025061273,4,55.49918078610695
9.985223248728786,4,20.922606278587754
18.439811751480452,4,37.839022648119396
14.217916893683553,3,28.439173310644225
12.31331173473571,1,26.479217379227965
16.19063969470901,4,36.80372729050151
6.0235488661525745,3,13.071348612992532
29.663815006327507,4,60.0072068658106
24.640082126763957,4,49.04323875480189
22.377631665579703,1,45.011154612637306
14.328399261911597,2,29.340433100661752
5.0098751027269115,1,9.868454079093679
27.65964281907025,1,56.040660892116726
10.570918487760965,4,23.537010118337417
1.9781473460595462,4,6.279377950056993
10.600908465913546,4,22.885692059858606
23.936482399628588,4,48.77134296968291
18.869907977152142,3,39.905649052111
22.64973824997336,3,46.81199025936825
23.912243823940134,4,50.71284517271492
6.752661026876006,3,15.795397603224243
27.751607824748817,3,55.58145358045052
13.42069328615099,1,25.907164364844377
19.350902653292856,3,39.446264587845185
0.5681087913088891,4,2.0799521743271105
29.804370703129752,3,61.8639931822356
8.786443385942576,2,18.92419644787307
2.3308616429345794,1,6.26090727965447
14.018730225327161,1,28.93394726806524
4.306386686870232,3,10.321422955613832
4.993637949648483,3,12.687005679641137
19.1523429843912,4,40.77441330851745
12.091358051321881,4,26.25081706608148
27.694647279572354,2,57.869747593075395
9.915116590938066,4,21.94541406502892
21.922313787325084,3,45.04028696973225
14.102433189569775,2,28.3670431203619
19.968563383313725,4,42.640152225672864
18.191013023121716,1,38.1190765880859
14.447127196390447,3,30.343666991347465
28.526802291420896,4,60.361520206621634
10.610052461271199,3,20.75008989057082
5.728447286853541,4,13.401441198899168
20.503774795954932,1,41.46745467980543
25.45722305858331,3,51.68745174475927
1.6874853282277509,4,7.758831694437375
13.764164308469077,3,28.962135984249393
26.828386845776127,4,55.24904291994782
22.61374925822459,2,46.25346062988269
29.758327636680033,3,59.013841534834235
16.17670744211869,2,32.59354695889247
19.96987370463396,4,42.92298737871333
9.42316829356888,1,18.717391232204985
28.452300190146772,2,57.07572521749327
11.306896912417821,1,24.423319461350044
22.286066024255543,3,47.412386449462915
12.392636021512917,1,25.802262515186975
17.07365843685848,2,34.69219953967829
21.733584783135612,4,45.2276985011549
15.51355747666495,2,31.222964991754942
27.2590466438305,1,54.02332016863236
12.869379143870402,1,25.194341799432372
19.588618045228092,1,39.05918168367098
10.599691782351597,4,22.16466257401845
12.540621712814884,3,25.01753830708662
13.481478192889796,4,29.182359055533496
4.211307040212414,1,9.157209661318266
3.2058485322406973,2,9.112489822909712
20.19095273282936,1,40.213567097304015
19.837773281120043,2,40.97164715186336
20.05583656919781,3,41.924385717670425
1.0831101376094043,4,3.9123827140932756
10.133131858817507,2,22.01059730638469
6.335390494146309,4,15.446010175143332
23.455466965048366,3,48.73834502529427
25.888596841185837,2,52.521553977323876
7.777071128171346,4,17.19661214778816
20.2015501860156,2,40.035346473234135
4.316202702019096,1,8.3264876254205
8.616999505250543,4,18.6119914865994
4.590307638885876,4,10.056643515342317
8.863862614677261,1,18.667649196042188
20.4047281468037,4,44.006084162594405
27.35464385046495,4,55.801225268600746
6.474411033763486,4,15.232263503271609
16.491331531046217,2,32.94855192256272
21.191037486681253,3,43.57715280242334
28.611212820324187,3,58.0320960614706
18.49678424517163,3,39.0954641389497
8.02565446530773,3,16.87252075677328
18.95160562896112,3,40.41487167162889
9.954489269501478,3,21.163257765340756
29.29578752540538,3,59.44197134121593
12.290445987327288,3,24.827586712309415
20.72011776244992,1,42.19344003519519
1.185213679229375,1,3.7656457606849303
12.301812660975283,4,26.87694657848744
26.315674593014094,4,56.870180852442616
18.50170961078075,3,39.93320667403192
13.596315148681303,1,27.38510253264559
28.110156233353916,4,57.902285032900764
25.692539096343257,1,52.35477491217187
10.00536237777668,2,20.172705575127672
16.564177860219516,2,35.29464402697152
14.94981555472765,1,30.761231631298884
19.14997375338844,4,40.556406417635415
10.356282375283289,3,22.899518418337394
7.7040475225937035,2,18.130924928556468
27.423819140038315,3,56.518593632264135
27.754297735205935,1,55.89555509954049
25.37802512997838,2,53.264769883279335
29.357030707554557,3,61.18161183110025
22.47725001050081,2,45.6335201806179
23.05768324257899,4,48.120552933816995
22.996407712897902,1,46.6881963417346
14.677925112798043,1,30.217663170201067
13.965339738171014,3,28.074079625402916
7.586675146395593,4,15.630865684989624
19.52216623359907,2,39.15694244519568
9.03494401501887,1,17.605149587026396
8.105348086219456,4,17.56687215846641
17.785860535833613,2,37.20643171375723
12.594480452638773,1,25.52003174895281
6.95626995944165,3,15.608934523893488
24.573652494208517,2,48.92300157837477
25.88681261918409,4,53.31198303544724
5.447135830494538,2,12.481529322733916
0.7214574675999961,3,3.5378673933767937
10.415834071616525,3,21.607094315045142
24.0265696525822,1,48.714801691543954
25.25562905391257,2,53.71010596130748
4.580707568423452,1,9.643817207591265
23.34290908490001,3,47.492631223657575
3.913272935628169,4,9.652783481894177
12.006846409617612,4,26.105869926762058
29.95898069285152,2,60.76679300501249
6.1814292853118395,2,13.331503869947177
5.0419256860399795,3,10.140404575143119
12.972609810130407,3,26.482589145174863
18.780221516110913,4,39.41110779515033
28.02057308119097,1,56.37587819235951
29.43422379322451,1,58.80225831158902
2.554398779446142,2,5.931783972815847
4.570926761763207,2,10.20286837894062
23.82677022993182,2,49.542953916388164
8.483648491990383,4,18.868085248754717
26.603047255437637,1,54.10519771617353
20.07187108825806,4,41.6021418750822
3.7994216702299766,3,9.670939064058436
25.05961390525821,3,51.99495810812878
5.702513210238237,3,13.770843423656293
12.993114143049787,1,27.199688748544062
16.789455392500233,3,35.66764640788161
15.27260139786821,1,30.946785387078638
20.741806010646936,3,43.22855124833834
19.75425867864303,3,42.072026285737586
29.76523916307762,3,60.37840375675245
29.98294632211354,2,60.337484865530215
15.735552377751407,2,32.65253615345318
3.3083730653454877,2,8.032025820956429
21.97137731957719,1,43.618648139890375
29.31159030738938,3,60.04841805136545
9.8906284350561,1,20.187258095883415
14.105662132208428,2,26.996044148813386
13.03091928205595,3,27.34224457485314
2.016865059429416,1,4.376412286010366
20.33180072109162,4,42.50330849936022
10.9234620045198,2,24.26283828361687
23.730184301629315,1,46.74457030474976
25.04754222081859,3,50.77046187043256
24.72630820463644,3,48.340420610953544
12.791646942176463,3,26.602377218178784
9.985597626106536,4,21.57555169808707
22.590213000178117,2,45.67044882402198
24.140988298360327,4,51.38965393620441
14.9920946685453,2,31.844806859427564
26.84441507632094,3,55.26668687690918
4.745306534317469,1,9.620000015095075
26.432528999939326,3,55.39124766798552
3.3348093726704975,2,7.649860885505143
5.029002900611109,3,10.739735762303761
16.24828039158183,4,32.78031210567911
2.491795165528743,4,6.542275837161803
2.0578094913032556,4,6.87026259977912
0.5153029528883128,1,3.8071445953197154
13.371341460980762,1,27.304293268151
23.35140449812078,4,47.93745348112125
1.527731333257512,2,2.87049745823081
19.741599390742735,1,40.535153677791065
24.7822558637775,2,48.79989567517073
5.456025033047198,4,13.462395167499285
4.832480177231425,2,11.482671960725764
25.893628721805815,1,52.72353689684449
24.782175993527794,3,50.84469031511703
16.39878210479351,1,33.862504863133836
24.66639643917242,2,50.50373124947314
3.2363042840225957,1,6.1944847261846
12.137204779193254,3,27.624821880761534
22.265027905138,2,45.17837643066548
8.094832800056919,4,18.965417900563747
22.693702975789808,2,43.9687916688839
15.373268829529009,1,32.52300854183895
22.632846644472874,1,47.23445703360033
14.208049316791222,1,28.94593242070908
11.35317803654362,2,24.265127107825
6.966081886119653,1,14.990678953846869
6.647190572332943,2,13.651597575025162
22.668978911856183,4,47.8850801291517
4.007855267001835,4,9.207080064131114
3.0364793282728813,3,6.964201732900436
5.70059526815284,4,14.528133679517978
5.672722087890696,4,14.320101866481595
24.781674872803542,3,50.356974243491294
12.255945392489267,4,25.77831444147749
29.71645949213423,1,59.28732238181079
4.547732104823066,4,11.828103776111622
19.77942485796248,2,39.55886493511456
13.737520462436892,3,29.331753563909736
12.091086212563681,4,26.929019235761658
26.31498387209543,2,53.541722293897756
29.28007155193779,1,60.07020680074051
26.24933928383827,2,53.19436839818675
6.172870031536425,2,13.131884462078935
7.013538675663554,4,15.049831120195252
19.854179433304367,4,42.72553621422894
9.027965658326655,3,18.78941086967444
22.174391358027105,4,46.69855453376927
17.20940919888452,2,35.3475023306431
16.751808670466886,2,33.45083427782211
24.94213428274418,4,51.275165421665044
21.460716766408996,3,45.80430577185873
1.284044067420105,3,4.26974567747469
1.9590445458074628,2,3.9089387502480837
18.245974347452464,3,38.29727698225362
14.842666230857127,4,31.539218430119707
8.175447332618246,2,20.804941067480673
12.850354575786648,1,26.48583299291557
22.858354402619387,1,45.83608395817241
24.885038797408935,1,51.69010551260497
17.056080502756302,2,33.271124838219755
11.868399685284539,3,25.331119526950175
8.485554464105658,4,20.96553742289239
15.896594887692977,1,32.1769904910262
9.78511374764924,4,19.8369264506504
17.140806542893078,3,35.385695121375555
20.461245284034312,1,42.87700860902766
2.4493367221221476,2,6.274743040565066
0.5314902181710435,2,1.2241243268295692
6.762175595801917,4,14.83910838442481
26.88808918270404,4,55.216478094258264
19.565577515242495,4,41.492352914538984
5.5728303821421745,3,13.983856897223003
26.762786873796752,2,55.57799676039268
14.36370023847653,2,30.18341265906219
14.544706822020489,4,29.757768883983495
28.098487343358325,1,55.36904217272321
2.2548574194085305,2,6.042966860030824
6.847759101547196,1,12.850047105161499
17.78025409206431,2,36.334941163060016
6.266852032669121,2,13.83785451152442
20.546046771664255,1,40.454499547965824
6.815722535433246,2,13.607182736507628
3.4251306326650233,4,8.756140200762228
6.606062209404772,3,15.215774706333598
12.970654011025836,4,29.002826792465427
5.696079825605857,4,13.999213085982266
4.473414735238745,4,11.020486065469685
25.878315643458755,2,52.01043653336046
9.95171750612058,4,20.83252801639664
11.142381252288482,4,23.773885416247815
2.1304770802862154,4,6.670889745552998
11.042403893310597,2,23.421431493248537
8.3118117309866,1,15.023721476248078
18.50930948658276,3,37.73294194489802
6.559013781335997,4,16.32253511427815
26.706780865353796,4,55.49277677851173
27.925165317126876,3,55.93332172115077
3.4450161867153106,1,9.745853555028773
3.6683872105130275,2,8.30783268871129
3.902129924274145,3,9.688593807861698
18.777293061154204,3,39.45411087835354
4.0980844441838755,2,8.828573422207565
25.645278378942855,2,51.56298307606431
22.75100969066783,1,48.123694366401594
24.68436131802171,2,51.371928505661174
16.018785543137618,3,34.35950828738391
29.901977739815027,1,60.880244671348265
1.8031655368527575,4,4.603013683343831
12.337316443490344,1,26.45216307872096
10.056131733660267,3,20.769130809308784
28.48504221202291,2,58.25337122219647
17.51739827567899,4,35.39540664589341
24.282633480619396,4,48.524408110591274
5.5250652129263065,3,12.868421628505727
29.369707245062948,3,59.430315222930986
15.209866632851298,3,29.930565694405324
15.063326249984051,3,32.16726200291518
29.141099492099265,1,60.90227975524932
11.731604655905779,2,25.85276957039162
12.226988224372292,1,24.696658563478913
17.75020473274563,2,36.50925477218821
4.277552011159715,3,10.942810279103343
9.97202597914972,1,21.566179978134347
6.199645512131351,1,12.555755305437003
3.5468626336579634,4,9.127902983040501
26.051265886765094,2,53.403146580294724
17.885269400760542,1,36.824415121799916
11.08084735007338,3,23.528618258135495
12.555746632318028,3,26.491408019567313
13.229810608776962,4,29.839453547308313
19.17790087326893,4,41.565322448980744
27.839697048925302,4,58.15680467128669
28.016998779880986,3,59.2531066297849
12.049013396154571,2,24.711581030082726
10.213242558134201,4,24.049458564897783
13.805871755465024,2,29.154258954465597
17.25405979764053,2,38.77914571749565
14.123628387767575,4,29.054774848752672
19.933225589592677,4,41.17710592696801
16.854771189703026,2,35.1283402076066
9.961108627475245,3,21.81945130792948
10.699058769997661,4,25.348256524170342
11.668487233012062,4,24.66859978272459
3.2918731633569664,1,7.9886648454078175
5.398847656212207,3,13.46015831710641
21.83185716328889,1,44.86836215879843
11.97835298990136,4,24.9957096378784
6.828899690524238,1,15.565558186302674
17.09883611195829,4,37.42699715523199
22.788416502966104,1,46.676417525722584
8.093959689188457,2,17.39226706558587
24.890301516750462,1,50.506711043545295
27.86139335893896,4,57.644050925638545
18.1231386076783,2,37.88706234960924
20.233955940251597,3,41.999046733448175
2.0509917145301335,1,3.753458453707626
28.39283678514624,2,56.73708192546489
12.078299660815842,4,25.404563067979392
27.75506181609018,4,57.73225587472981
17.579836980132157,1,35.63271812382911
0.6362545658781644,2,2.487852925045078
1.6369889800413535,2,4.774791093628818
20.5723547672627,3,42.01738860860852
17.098706408042027,3,37.1630729844294
1.282706897579193,1,2.7977029681109116
22.43206885606037,4,46.430710727339225
25.63828744354086,1,52.25896112441418
15.144315731959594,2,29.452121261544114
14.239844490539022,4,29.689154531355125
0.6614567106215108,3,3.8039862199348544
23.70616651856118,2,46.67491110806025
10.25612396901011,4,23.629822134953375
26.42352678358492,2,55.35819013352897
11.505287332962565,3,24.141119328101382
17.169798363605814,1,35.131409494637936
8.475082751880162,1,18.569252588611352
5.237355221255101,2,11.007921254466684
23.359783149749177,3,49.087341820024534
15.149419125965307,4,31.627689456799946
16.3263937506914,2,33.17518520804962
28.979770627711197,4,59.16020479109742
28.925607410553532,3,59.693862020301864
25.741442590220903,1,53.14085423300735
6.03447413656849,3,13.384835341019816
18.031044481896608,3,36.290839803880814
26.405349027338353,2,52.72799123238989
11.546686125243662,2,24.487971671857863
3.4826318950997566,2,9.809380203593783
24.423405616077694,3,50.74053623146979
14.712024765184063,3,30.537152979716875
17.14958407059577,2,36.06535210804182
29.47325674137641,2,59.70701484716607
18.412737199575126,2,37.447189181786044
13.03689187714999,2,26.11532464860472
11.414538851492335,2,25.237526547231024
12.819769133294345,2,24.100330349093028
3.9927729537707286,3,10.283405107820727
23.94514147331837,1,47.9265380088392
25.212647316517714,3,51.514953901583816
8.889715469915561,1,19.971746095948934
9.462000243093351,2,19.20986939398665
26.29286056187699,4,53.90565196972557
1.207125488074686,4,4.283856737229842
15.853494591133217,3,33.62083656807867
14.178433583104281,3,29.415011383915694
20.858739702564563,1,40.64362047459324
5.320055154408907,2,10.77441212793605
20.215756853457037,3,43.212847563378595
11.613653232308854,4,25.30208325375322
18.75208595600444,3,39.4552591957127
1.6828027912468897,4,5.1041843753207425
14.120952316943027,2,28.582406937712786
15.906401372479978,1,33.990372194835366
6.822628884222105,1,13.95706591139313
4.618897798284061,3,10.294425717040994
6.059991938862891,3,14.71612624408112
10.652161802868767,2,21.58196324687015
3.355899404496658,4,8.117071465219318
28.44593397402333,3,58.40211463206356
12.44732481412661,2,25.8949197323414
24.364603273949093,1,49.488817895801404
29.245305131710975,3,62.08227935281744
2.8816907600808035,3,7.599629766513978
19.724249304082324,1,37.57044464541385
26.206568058865813,2,53.739435061163185
19.209915802018486,2,39.45771159852657
13.156270580043675,3,27.855991184438807
13.21675255031918,1,27.179452410034532
1.5590171372170878,4,5.089355986759376
16.27072216303362,2,33.488832233011856
29.809518405212,2,61.232081020194784
28.781872016172056,1,57.52166323514961
1.6917772508438138,4,4.4358681660484525
21.321011607069902,1,46.1658046667622
9.402063567559459,4,20.088269691337686
27.138180025481034,2,55.37650296342215
1.8308849984237168,4,4.166109745972066
28.108286009326875,1,56.83304043370517
25.205534441739417,1,49.9778433327895
3.9663792764517445,4,9.49028561005348
2.2648179508603263,4,7.574700567491776
25.123876097644608,3,52.21976176366729
5.094851293750091,1,11.258112112075
16.27949551278818,4,32.7877861871845
27.51447330742193,2,57.865841784672874
17.239719349705037,4,35.2875573884682
12.21838239344831,4,27.965325601190486
13.62797361819277,4,30.277491102367026
2.361956535764195,3,6.80124581331307
29.078193480167165,3,58.80140217942595
9.664298459891942,3,20.980186764603406
6.086223004349188,1,12.201524598053517
8.938395404291661,2,18.905830380088613
28.949009249298626,3,59.148146239511696
3.2814385778962065,4,6.524266649220006
26.08543969478485,3,54.79266354055429
21.38139488484271,3,44.18168261313606
24.98556578519133,1,49.986331170880426
29.288977440852943,2,59.017627648876115
25.34356233774772,3,52.54558425186221
28.32977936269666,4,57.765802387098844
4.244590075332133,2,7.234004592190223
23.975762672425617,1,48.85865514805951
16.59743297539091,2,34.71396894873864
16.53312005485589,1,33.36660828503415
27.01818650145515,3,54.388470127720296
29.168212650077983,3,59.925360841045254
21.292730529773838,4,43.120928691234084
14.746682489417626,4,30.466134382147594
13.963913808104438,1,27.677129679704716
11.897072988083863,1,25.13808504705928
11.167171372393549,2,22.97173179435018
12.049451829690726,1,24.151037247604993
3.1477204399102607,4,10.250133395231767
2.7843645151829275,1,6.421191527554569
23.506160394233195,1,47.851315298941216
13.65915034114667,4,28.948599937084566
27.955192412066303,4,57.314013156495825
18.560519753521596,1,35.43463306702604
1.5376914744403827,2,5.044123480804323
5.146938568865645,3,12.24218684348767
6.571683893883724,3,14.464201794554034
29.284212719494988,4,60.43119873715372
6.9517746714732285,2,15.639693605207512
15.714792450497514,1,30.374874827915175
28.117219483385785,2,56.644557635217765
29.327185532473543,3,59.01806820205456
7.472632843814565,3,18.21677497011588
1.9489704906261838,3,6.273596513105669
5.031254059863875,4,9.859815478592386
2.3681901217254637,4,5.222618616810951
6.256165112223924,2,13.379984551090361
17.272806583760193,2,35.07317295544796
27.417239490721432,3,55.01009677336597
16.347957068983032,2,35.64067637561655
18.966691922622882,2,39.24592375922834
6.455083922481463,1,13.884984167826017
24.117216809878578,2,48.54241867052494
18.724772800914703,3,39.67181974900741
25.992036461185382,4,53.60364016138875
28.49087165667063,4,58.69840013963376
10.763072884819472,2,23.137147729464203
3.1720822267954607,1,5.2151668885306215
7.164904258545083,1,16.42683637694115
13.416326187437198,2,28.015041589598273
28.397962728821962,3,59.57686966642435
11.66013976001575,4,24.244859763412684
23.237809803128414,4,47.55245448222863
16.444062419037273,1,32.22622461647473
5.892858727713808,3,13.536015128092455
9.961656509126822,2,20.98929632017189
19.769160608173152,1,39.57390939711512
20.349175143204356,3,41.18428109352343
13.325412530866862,1,25.88422879200288
7.245045278532382,2,15.441606656594109
21.796249995623953,3,44.62691321165931
5.481754727575086,2,11.277902462791909
28.131755910021234,3,59.31060130617408
6.0431555815760625,2,13.003985484959392
3.665714703559353,4,10.60147234104563
15.180607219778675,1,30.327962256874656
15.826713144235974,1,32.398202572270606
15.491690985958222,3,32.42790595566011
13.381690935495765,2,26.065759561473406
29.847039338473447,3,62.622416983210805
14.845278073782165,1,30.055402540531915
14.599424131825014,3,31.44526648328299
12.942098850079558,4,27.132168977697557
2.4713597636931555,1,5.277875145806546
17.992220618913674,2,36.11758887790399
7.225049280583882,4,17.686097043931156
19.309464916756973,3,40.43033918096462
1.999587127480076,1,4.866227781641041
29.45091948696355,1,60.76002312103208
14.33564983087383,4,31.827640958646683
26.954283461925602,4,56.67390945998749
14.529054610371576,2,28.636381873705687
2.279759147939541,2,4.863839176362398
24.755299609767306,4,50.50671108352326
19.621420025180463,1,40.47037374398673
23.56183290343138,1,47.79431774861281
13.131010973511763,4,26.871509513392933
19.319133955276026,1,38.949523697540826
25.75875561199992,4,52.023398888281065
19.11643056472068,2,39.1797046413716
10.756372227659147,4,21.85737195133111
20.044623033802896,1,41.1180735609904
20.319698564114987,4,43.01735975426405
28.83731539394544,1,60.082579281237756
11.441913485479242,1,24.231700260455828
13.03991214166687,3,27.156910027511238
24.457627355018246,3,51.23332480331098
15.419988284910866,4,31.44231268887655
22.228906246914125,1,43.995339890147164
14.061429201380966,1,28.956000934837043
6.8571066834746635,3,13.0559637042014
22.48351336203982,4,46.929865939145756
4.369077490948943,2,8.717891689779465
6.358218074173588,4,14.81774320350044
18.991336992134155,4,38.90493762622105
22.544459105666057,4,47.5131663487873
26.89329266260054,3,55.30591274886847
8.541301673768805,3,19.98296926441894
3.766365628716353,3,9.039465791534328
28.70337645591756,3,58.138110106873654
5.055481096653202,3,11.364076337479121
6.331175976511866,3,12.818115556007001
9.09421887997474,2,19.594575014654918
16.11704494377548,3,34.32394013386623
26.5433541980053,4,57.555904432703414
22.936107670531076,4,47.25037935045775
21.390647838357737,3,44.01350110304029
5.667826751752108,1,11.259894979066
11.05163763001624,3,23.815388961163702
14.612945319557,2,30.607581173593612
4.849065627824783,1,10.144756411221055
8.566176212736838,1,18.71867834234671
9.595829516608905,3,20.074679529463033
4.254647850706657,4,11.495469749304027
16.7320709112936,3,35.502639676228284
21.29833179746369,2,43.58463367502843
2.5629831285674056,1,5.311029616377666
14.693131502012918,3,33.312930762757205
23.575230260399955,1,46.83345187005783
22.565708804097184,4,47.42935078516278
24.544656338453247,4,50.33909360666436
13.723098678532907,4,31.23181810568712
24.70643393787589,2,51.29969420455098
7.60221560082095,1,15.026081322800755
11.143911561816703,2,23.800418117064634
5.702489504325139,4,13.662674729926833
14.290793913142869,1,28.564963064310998
12.065770661255575,4,26.889705539739325
7.60734993422221,1,16.10400525954883
22.677530922308055,1,46.07076055850206
9.758479777293575,1,19.97503984334482
8.547727739302154,4,19.526509971203957
4.361264760089604,3,10.451917181671668
13.445240203157486,2,27.94957373933999
9.437456550700409,3,19.733897185413255
11.393548819558573,3,25.98086387987964
7.461919247306303,3,15.37341855126406
23.013086949687064,3,47.95381011825388
27.93509874696416,1,56.04995675162689
15.188989657272185,2,33.13752658399367
19.468453488554562,3,39.53342443988529
26.081582159897827,1,51.927901058035324
29.96547430134293,2,59.96113053942403
18.598736299530046,1,38.0209376500107
26.748494262926126,4,54.12393786628361
27.30394327339144,1,54.62935805202511
23.84781889032486,1,46.04327195779543
14.09747603665675,3,29.935373427441593
2.89404301250503,1,5.787871166253797
0.9662638854839485,2,1.444471027036044
14.577418681846275,2,31.240446766666608
15.082278739271223,1,29.356890580157504
12.517190441957682,4,27.83132457394358
17.260936863095253,3,35.3208329022027
16.7887997474806,1,35.67917087285662
25.180084710464442,3,52.60971995985503
3.705384546236741,3,7.902721221599455
7.142741150113591,3,14.868399748016875
23.893646879309095,3,49.8928189638425
25.51118758309781,4,52.759997035485455
29.8473143018156,2,60.52528609660984
26.25090448341898,2,54.77404782861006
26.752020708633765,3,54.25535254389757
9.773264307582194,4,21.637822387339842
12.349018203276604,3,27.152664200205514
8.408510592206255,1,18.12613867279811
18.385832246685112,2,37.612051825849555
28.194757949107633,3,57.600610017362605
10.666906152092723,1,20.094996841664514
16.93155256550278,4,34.80686013834037
9.24083909837781,4,20.800037423330355
5.509099226294872,4,12.880316263647508
6.257973129650342,1,13.09087333786691
2.2093876638748333,3,6.958028937383727
28.504158928773094,3,57.32099474848391
12.384948450975074,3,26.033716599717497
25.106566314062192,4,52.4018435915356
20.599219444345888,2,41.49427895111726
6.161674261627019,3,15.254825637181455
5.676136274083091,3,13.760859349779329
24.453651944561074,4,51.1974372162109
8.308995463276352,4,20.41222270588129
27.441912919208285,2,54.38493055880643
4.631634438339973,4,11.255542595574264
20.49240412640685,1,41.851145221747764
24.52697934291255,2,49.13940363903118
7.440063458261528,3,16.680841458340783
8.648117221968699,1,16.689651950149518
28.95330714110645,2,59.59717160048715
8.30562935771167,3,19.169093483552246
13.18373297205141,3,28.139799345231147
13.2592100006498,1,25.165622186234653
7.964525122925665,2,15.962256724685295
23.38583704989417,1,47.8363841030015
23.26955562526008,3,48.06030989403252
11.660381419601677,2,21.626760221510867
25.136210836881645,3,53.01525205763153
6.78571056477057,3,15.208077635794972
0.6270203821965201,4,2.4349661003929954
17.34943718064436,1,36.19382995885539
29.825294287345166,4,60.973048561783436
1.6400071398930958,1,3.091562162181977
6.635943174399587,1,14.13023899981321
15.807981953368984,1,33.89700236598026
24.393251725123683,1,50.91009062822025
3.12673914971407,4,8.613189798332247
12.159422285887382,1,25.281230230625084
22.538736118581646,3,47.36897116924812
11.460524647987667,2,22.664065620605985
6.07067440403135,1,13.285497145214682
6.267126908199327,2,12.800180348255125
12.59643921399233,1,26.01135649478124
14.642803706773789,2,30.05813978594024
25.923525325572413,3,53.84825897825904
19.44644634775581,3,40.51099616051808
20.866857658207294,2,39.66068504559329
29.498121560309254,4,61.17513483232369
12.649381488878726,3,27.440915930056715
12.398954895849284,2,26.243838140037024
27.73873554791146,2,56.37488514961434
7.753329816649229,1,17.648821325228866
22.029549765934565,4,46.37047266099079
22.759907577434973,4,47.95748845506305
3.384745924640571,2,8.813983743331711
14.312826467960729,3,30.488245935618057
6.416592903985844,3,13.435168054557485
5.968570547673327,3,10.998803681567031
14.182929258654848,1,28.388737615291614
9.038176371487916,4,20.837298268856948
23.983783204963192,4,49.61447007850858
27.27434429601923,4,57.34986696432019
24.180257856006786,4,50.50924388793385
8.347910742339124,4,19.983887554940434
8.586964613813947,3,18.378712520507232
8.014486328465289,1,16.996587483498264
4.483623833658964,2,10.473132731853287
28.34205185905948,1,58.68570559075015
12.360410045633547,1,23.514182784932814
7.128339499103276,4,15.798270723653395
25.476795989993185,4,53.802108085374876
12.276261428404819,3,27.598419336588286
1.5359459277351641,3,4.8119633681124085
5.27727632236412,1,10.761848480306753
19.357885040507014,1,39.972888449688476
23.595705588065858,4,50.0601138513634
6.722564460417032,2,14.085467242166757
27.563169883351193,3,56.95664707887993
25.60441504153885,2,53.38935734548967
25.527232244801887,1,53.444923482878224
7.216003830576817,4,17.174612620388924
1.9908116651767023,4,6.025762227018998
26.088994414736216,3,53.62391365343453
9.521106747787737,2,20.599610052769098
18.758033244619014,3,38.90039364675858
22.919023069171537,4,48.02768663736546
4.284651126078045,3,9.011425987625216
23.534731458311914,2,49.36652011311499
28.186088039351443,2,56.23199135155421
21.987061489519068,3,45.042011218585124
13.516071080176463,2,28.12973542120474
26.362005093175235,3,56.21499706623911
16.06000008714049,1,32.19731718942865
22.470742370594248,1,44.7754689272281
24.70492534382882,4,50.85903377032385
22.605909420120675,2,47.870716007852664
8.991718843420541,2,16.17109069333506
3.976395076722017,3,8.450052141295448
7.5309866161807735,2,18.793261941521095
15.33481064092042,4,33.260503355332474
15.405669207646328,1,30.205353465953436
17.688008304778858,4,37.33409862738294
12.15550420766278,1,24.878462981393422
23.713295752775817,2,49.27271675145724
27.43803563524263,3,58.215573273307825
7.778389077644403,4,17.945329836568018
22.227434922205695,1,44.41508154139843
20.500169650078817,3,43.28742374225584
15.93116972873979,1,31.664086760616716
6.061641899287727,1,11.589946302586425
23.959351628189932,4,48.158794384423416
28.838475426050564,3,57.61182245760073
21.794171800891597,2,43.69189844565892
27.576869900459155,3,55.47595003321744
29.53346531596599,2,60.3801671593067
10.885494890057526,2,21.571587954291015
19.32759481132694,2,36.51152332062914
14.4810157603233,2,28.918119746057137
29.605548032465286,4,60.739236417209156
3.267330808227885,2,6.929212128583805
12.665059971768127,2,27.84964462284544
26.328401813553466,3,53.54326106781778
8.879513660532206,4,20.63995078426361
23.739889093846745,2,48.46079558801263
11.792103302017543,4,25.541901878362488
29.40936692675967,2,58.983353564671305
26.564130174499372,3,54.56947769741797
9.388950551047152,4,20.012804975196886
23.220696849366725,2,47.61141801298802
10.437268043081426,1,21.138286453539163
18.387703786358287,3,37.33077963952498
19.92518266760211,1,41.34225967490482
24.973064568028295,2,51.37296961607802
1.2212998060194389,4,3.9945368778966297
6.99465778899284,2,15.134808625020991
21.50157541236307,3,44.41932830322418
17.12393549060135,3,34.88028004393943
15.12034980693372,1,30.811195842888605
2.1286937228854237,2,4.636375690963473
10.774138562112958,3,22.103343288605817
26.020456841364126,1,50.918146352461726
1.4113386925629494,2,3.4640700315872683
12.194868943261957,2,25.956708546107638
28.381874486287792,4,58.069089619196724
2.0009816690779316,1,7.022672030313833
22.616319655816785,4,48.1183249652863
8.099572177370076,2,18.50347448740063
26.06496054853334,3,54.42516410914044
22.509005379301268,3,48.37087573354111
26.628302540321705,2,53.46960309717087
6.869781317722347,4,13.178825249786073
16.173136267148845,1,32.40014692594481
23.488463335456622,1,48.03514524646078
7.748142418351939,4,17.647801808451856
7.3070160053829,3,16.389504621733586
1.3018729381787582,4,5.924655879027389
28.776201172275844,2,58.93445991901419
21.44549796161139,1,44.1899088508138
19.24903044330045,1,38.05849814474814
22.44784431950223,2,44.80029494978842
16.18258110151546,1,34.47927612605541
14.545947722167105,4,31.192796979481276
13.761201113143866,1,27.399173042841596
19.39295675705742,4,40.164519020567724
6.445281774075304,1,12.74144042651235
26.697731502938655,1,53.18650398483147
24.446694950968322,2,48.610242099332986
10.812126537834999,1,20.62383267344949
17.56897425596947,2,35.94294413428452
4.660305348525431,2,9.727684826730462
29.184214314041142,3,60.97558791352558
27.135334285093364,3,56.063745223453644
27.695976441726412,1,56.15727056353081
10.298809907251822,1,20.354499406949195
5.489473867794245,1,11.357919319808513
6.747278822256155,1,14.355558748143752
3.155041035830151,1,7.526277811372977
4.043263587990838,2,8.99263534946331
2.603483758452939,3,7.7860912962300866
29.699780541543767,2,60.40755039199548
2.684701659387671,2,7.1622504372930225
4.409991388066702,2,9.330130567544254
24.904010569926726,3,49.49543277328481
17.61708639391682,2,36.50253177585216
23.345307534795307,1,47.915939132737236
19.111904229293323,2,39.79915579039422
26.524164574703967,1,53.97051581084538
19.334792069059848,2,39.32099717216471
15.90269024064295,4,32.998634229840306
21.52611596595834,2,44.60396020096046
13.698086177867228,1,28.322619771932732
10.708882775689673,3,22.35686646053552
14.295747347281267,1,30.200918883754593
5.5065661004075395,1,10.630266686267479
23.998866029179396,1,47.91420867956775
8.190761549410366,4,20.017948311162396
5.0291806169429005,4,12.926943171619714
7.76739113260519,3,16.676772959319358
25.341069477281074,3,52.4695196642057
10.240938220133076,3,22.136668684789992
20.738471150424054,3,40.23132843587073
25.76408410434431,3,52.12169425921524
2.7934676742887423,4,7.536088731468203
23.068219952752266,3,47.27982842894522
9.576131258181386,1,19.899365081193192
6.890359743429259,2,15.910201799806437
20.822592847362678,4,43.32364991007143
27.339000370630398,2,54.62034594513793
9.203066657015665,1,19.230984972542373
17.28059725883741,4,36.23457118410702
9.05010635856,3,19.4441492162981
16.851424778929623,3,34.91107583870617
18.844929904303047,2,40.93169760861708
18.504893969310302,1,35.26908367762266
18.894617904461004,2,38.40090190578936
4.484853870416961,2,9.96601871518553
20.959443852808228,4,43.13774521333368
20.40513551321659,2,42.710096858561464
20.636349605398053,1,42.58595688951574
2.6850813057918366,2,6.3224079930951325
13.681745851217503,4,29.092817947091312
12.566536395349027,2,26.021115956466407
3.0579887674743746,2,7.011190881300939
7.059853872955916,3,15.54133471778607
13.508397638042084,3,28.32879617456737
22.415736140813426,2,46.08392159621924
7.493331271047564,4,17.739874606922992
24.97762234868489,3,50.2249845497712
16.60104942931417,1,32.65143495939519
22.932439712946216,2,45.11636139640891
14.440401508437285,4,31.74720041723217
15.22622964995559,2,31.70278259310164
18.781721986699388,3,39.56871148933155
27.875132940891813,3,55.820767643420155
15.008471151680844,3,33.301890426241826
16.095397374194583,4,33.58194384024381
18.258910424062123,1,37.1860266552355
22.25669655028291,3,46.86777776124419
2.6195848968439126,3,5.752190037891753
15.712779436398176,1,31.379234514283684
14.706951881578282,3,31.09307553775744
27.689707035008325,1,58.736887145481354
15.058444122872062,2,31.41801298859615
14.315455773482764,2,31.237272697596246
28.88489966177371,1,59.475472468739376
13.792005676226006,4,29.95202138894653
5.836090694501665,1,11.182985617372651
6.899025622770755,2,15.857804856359746
3.308032380940737,4,7.117954420233428
0.5167598131388613,4,4.634394749954815
13.242396999514217,1,27.18479930724669
23.192656148297534,2,44.73508874929689
22.137260062595157,3,45.43401403015847
1.4483980901840807,4,5.550744001291102
17.314495656023972,4,36.39196743900818
5.051352199697542,3,12.317710210388658
28.26175040055857,1,56.17347663340484
5.437267489503289,4,11.56855260621897
18.985856922075705,1,38.400268441103805
10.124031683839675,1,20.779629034969265
19.42605911594839,3,40.00373388083446
12.661628595690217,3,28.050548338022626
22.909470043038645,1,45.468732710938234
7.305034197171806,1,15.423234001675961
27.220859660970675,3,56.00968929310498
15.256184654743887,2,29.95565335735169
22.804747857529158,3,45.790465531389806
25.5670406463362,2,52.14599230892103
29.965444023166746,3,63.412088045020454
7.106397135021767,2,15.792064081942346
8.963326200121918,2,17.201017575099204
7.8877760585907035,2,13.665064052062068
8.254704298713587,3,18.742462190431553
17.682119875411633,3,36.76802626789507
29.808914432802368,3,62.25909483511511
29.713203569236256,3,60.04568921776107
16.03981032518808,1,32.929833148234685
19.351302702807878,4,41.548778868643616
25.869131039197377,3,52.790798440188276
28.021537024378404,3,57.11698847852574
6.513888506221545,4,15.05303984354148
16.09198100380236,4,34.72663835416505
25.068693112514612,3,51.623052220517316
9.444461260720454,4,21.862918859200395
13.474366753173769,2,27.486798317080506
29.575822494604235,3,59.32324978374536
29.558877553265695,2,62.09473047464457
27.230150917572857,3,55.35566809860327
24.0542261724277,1,48.04001026113765
8.43934977132277,4,18.812896221573354
9.96507718498203,1,20.49733547961804
16.644843815543805,3,34.40300398859932
17.04293254957936,1,34.56843120220971
15.412333171033476,1,31.284904110638777
19.28177325753103,4,40.738365842082864
12.54552916767317,4,24.733570876359025
22.600637640808223,1,47.5821515886243
10.339722831111484,1,21.03215734868841
10.2549714099174,4,23.090565439281786
4.253165875808926,4,9.128230410083827
6.0670101958531175,1,12.163020130456985
25.59036592818005,3,52.00841599003968
13.665328988123026,2,29.800381740754595
7.222099703308597,3,15.358385799781312
22.900562450660427,2,47.55920488826094
16.842443211597352,1,33.53446597052151
1.124102336987158,2,2.7955857343203716
9.832662991433098,3,20.91977581766551
5.721541628079561,4,14.726928382988422
19.848249398993797,1,38.306646138957476
8.613415698592458,4,17.911167841910483
2.415929986693337,3,4.3845548076968575
2.120582181331243,4,5.153662242901036
17.66095528978209,4,36.510310528372074
1.1408419432706438,1,1.1672026324508986
25.539367337514616,1,50.844586928414564
5.084215018089631,4,10.153715555245846
18.39370688826518,1,36.26942505276268
13.618296826316998,1,28.937014052544196
13.564119876341124,2,28.53182782296335
2.618015699621353,4,7.423499071415234
24.181191381260362,4,49.35960420624161
26.845048300220952,3,53.65401164139718
0.8249916878347396,1,1.0108273001351986
5.768823183064973,2,12.49443653923393
27.165173569466624,3,56.698523918659916
16.710061577601717,1,34.82249057233876
4.926167558322199,3,11.98294747912773
6.482318351970186,1,12.727079839872427
19.969594204994866,2,40.963738242393724
21.882096256282754,1,43.94284998252826
18.18309085310809,3,37.66499194272143
28.61787720741951,4,61.27288231179884
15.074876308022423,1,28.887752379041235
9.358021408204538,4,20.481366000486815
14.578370844285995,3,31.868490595768147
11.110155663165024,4,22.75441983129651
7.120268833903246,4,15.596790242540242
1.855915855534132,1,3.6827932135006245
10.890268560171164,3,23.057247398288343
21.486575757437397,3,42.87719435526858
1.0439151848182173,1,3.183116429974474
13.455766139575074,2,28.57781956166329
19.498277342771118,4,41.50493001056019
18.506921220642063,3,37.643468766993045
23.41112885871712,2,47.908768508221534
24.410331611964025,2,48.92122298435896
21.49532171712194,4,44.658046773472364
3.532532036270108,2,10.218531999711095
14.513162098128639,1,29.622019573853535
18.300475745884455,3,36.91342491578174
7.744198144878823,4,17.668731630421558
1.7552786205799071,1,2.6587613150965046
7.095914465843384,2,13.992818539171756
13.919384851112845,2,27.7976465662769
12.710944412110726,1,25.47757937202577
5.711675949151268,3,13.860320893891739
24.82025850916304,2,51.21891521634292
27.807756727733373,1,56.63850878371407
6.4397754120550985,2,12.780626258519655
27.922401009233038,4,57.30348766303043
1.0268982956678343,4,4.325797698218857
27.78639294485489,3,56.44446590432136
28.581899307386784,2,57.88543217447247
0.8555299589697934,4,4.152418610469537
23.009069254914067,1,46.16936582862683
29.12094639081038,3,59.96795237072279
27.224115455124462,3,57.540959366268496
29.135949755288284,3,59.60004071158957
16.73454341808036,1,35.14842464587993
2.805606126618954,3,7.670582320545266
25.568781335248566,3,51.170320677010366
18.607933546365842,4,38.11373006346816
18.634733953554527,1,36.935872024039156
12.808981490831243,3,26.263128064729703
17.36933830737272,4,36.648386868638624
5.0306034830403785,2,11.675851014162578
22.323215783701436,3,47.401589984107595
2.7130105668704987,1,6.23419622246608
22.028532627791865,3,45.11138569953052
25.544863467433192,3,50.50748569123651
14.437825988152401,1,29.44624155172214
15.539995798682956,1,31.605761791060903
9.710321051201309,3,21.103570855941573
29.099028219904834,1,60.804296737513
22.127171999506587,2,46.49494054520625
11.385162322360177,1,24.05538556297034
5.656817893873649,4,12.351558657675698
6.977597969961694,3,14.942201190726646
14.185707440246476,4,30.276570273564452
28.305767809272968,1,56.33612849453558
22.157317199947084,1,45.31509892487929
6.84969057128492,3,15.556289991785544
25.85705343585749,3,52.12579907866029
11.656915428785592,4,26.51064756666731
25.6258043911993,4,53.35391911620746
7.630138140443362,4,15.531205134144473
18.75048805212137,1,37.94963324589777
27.836779398397816,2,56.95476525271854
8.107873269859928,4,19.188538901155596
20.941334422282722,3,43.04519244143883
29.62572228873574,4,62.07938284491869
4.942649473668603,3,11.572440934107423
3.107867575669895,1,5.400680542302211
20.388758177122078,2,40.362349580761645
10.522210458596396,4,24.16698078734214
2.601712082314438,3,7.899408343010645
14.521515727566323,1,29.865940685537367
22.736235049496695,1,47.46817682017342
8.911110812248069,4,20.878831473537744
10.383882886401475,4,23.45139450228267
25.448132319085676,4,51.98495314943768
15.842121411713899,1,33.91567157446014
